Fixed Data,New Date,Payload,Vehicle,Company,Site
"Sep 8, 1998 ",1998-09-08,IRIDIUM 10,Delta II,McDonnell Douglas Corporation,CA
"Sep 8, 1996 ",1996-09-08,GE-1 ,Atlas IIA,Lockheed Martin Commercial Launch Services,FL
"Sep 7, 2014 ",2014-09-07,AsiaSat-6,Falcon 9,Space Exploration Technologies Corporation,FL
"Sep 6, 2008 ",2008-09-06,GeoEye 1,Delta II,Boeing Launch Services,CA
"Sep 4, 2022 ",04-Sep-22,Starlink Group 4-20 ,Falcon 9,Space Exploration Technologies Corporation,FL
"Sep 4, 1997 ","Sep 4, 1997 ",GE-3 ,Atlas IIAS,Lockheed Martin Commercial Launch Services,FL
"Sep 3, 2020 ",,150m Hop ,Starship Hopper,Space Exploration Technologies Corporation,TX
"Sep 3, 2020 ",,Starlink v1.0-11 ,Falcon 9,Space Exploration Technologies Corporation,FL
"Sep 3, 1993 ",,UHF-2 ,Atlas I,General Dynamics,FL
"Sep 29, 2013 ",,Cassiope ,Falcon 9,Space Exploration Technologies Corporation,CA
"Sep 29, 2004 ",,(Flight 16P),SpaceShipOne,Scaled Composites,CA
"Sep 28, 2008 ",,Payload Mass Simulator,Falcon 1,Space Exploration Technologies Corporation,MH
"Sep 27, 1997 ",,IRIDIUM 4 ,Delta II,McDonnell Douglas Corporation,CA
"Sep 24, 2022 ",,Starlink Group 4-35 ,Falcon 9,Space Exploration Technologies Corporation,FL
"Sep 24, 2011 ",,Atlantic Bird 7,Zenit-3SL,"Energia Logistics, Ltd. (ELUS)",Pacific Ocean
"Sep 24, 2008 ",,Galaxy 19,Zenit-3SL,Sea Launch Limited Partnership,Pacific Ocean
"Sep 24, 1999 ",,IKONOS 2,Athena-2,Lockheed Martin Commercial Launch Services,CA
"Sep 23, 1999 ",,ECHOSTAR V,Atlas IIAS,Lockheed Martin Commercial Launch Services,FL
"Sep 23, 1998 ",,ORBCOMM III,Pegasus XL,Orbital ATK,VA
"Sep 21, 2014 ",,CRS-4 Dragon 6 Capsule,Falcon 9,Space Exploration Technologies Corporation,FL
"Sep 21, 2001 ",,ORBVIEW 4,Taurus,Orbital ATK,CA
"Sep 2, 2021 ",,FLTA001-DREAM ,Alpha,Firefly Aerospace,CA
"Sep 2, 1991 ",,ZEST-1 ,TalosCastor 1,Orbital ATK,HI
"Sep 18, 2022 ",,Starlink Group 4-34 ,Falcon 9,Space Exploration Technologies Corporation,FL
"Sep 18, 2013 ",,Orb-D1 Cygnus ,Antares,Orbital ATK,VA
"Sep 18, 2007 ",,WorldView 1,Delta II,Boeing Launch Services,CA
"Sep 18, 2002 ",,HISPASAT-1D,Atlas IIAS,Lockheed Martin Commercial Launch Services,FL
"Sep 16, 2021 ",,Inspiration4,Falcon 9,Space Exploration Technologies Corporation,FL
"Sep 15, 2022 ",,"F30 ""The Owl Spreads Its Wings"" ",Electron,Rocket Lab Global,NZ
"Sep 13, 2021 ",,Starlink v1.5 Group 2-1 ,Falcon 9,Space Exploration Technologies Corporation,CA
"Sep 12, 2022 ",,NS-23 / P12 ,New Shepard System,Blue Origin,TX
"Sep 12, 1991 ",,ZEST-2 ,TalosCastor 1,Orbital ATK,HI
"Sep 11, 2020 ",,Test Launch 3.1 ,Astra Rocket 3,Astra,AK
"Sep 10, 2022 ",,Starlink Group 4-2 ,Falcon 9,Space Exploration Technologies Corporation,FL
"Sep 10, 2018 ",,Telstar 18V ,Falcon 9,Space Exploration Technologies Corporation,FL
"Sep 10, 1992 ",,CONSORT-5 ,Starfire 1,EER Systems Corporation,NM
"Oct 9, 2017 ",,Iridium-3,Falcon 9,Space Exploration Technologies Corporation,CA
"Oct 9, 2000 ",,HETE II,Pegasus,Orbital ATK,MH
"Oct 9, 1999 ",,DIRECTV 1R,Zenit-3SL,Sea Launch Limited Partnership,Pacific Ocean
"Oct 9, 1998 ",,HOTBIRD 5,Atlas IIA,Lockheed Martin Commercial Launch Services,FL
"Oct 8, 2022 ",,Intelsat G-33/G-34 ,Falcon 9,Space Exploration Technologies Corporation,FL
"Oct 8, 2009 ",,WorldView-2,Delta II,Boeing Launch Services,CA
"Oct 7, 2022 ",,"F31 ""It Argos Up From Here"" ",Electron,Rocket Lab Global,NZ
"Oct 7, 2018 ",,SAOCOM-1A ,Falcon 9,Space Exploration Technologies Corporation,CA
"Oct 7, 2012 ",,Dragon Reentry Capsule,Falcon 9,Space Exploration Technologies Corporation,FL
"Oct 6, 2020 ",,Starlink v1.0-12 ,Falcon 9,Space Exploration Technologies Corporation,FL
"Oct 6, 2012 ",,Scientific ,STIG-B,Armadillo Aerospace,NM
"Oct 6, 1994 ",,INTELSAT-VII-703 ,Atlas IIAS,Martin Marrietta,FL
"Oct 5, 2022 ",,Starlink Group 4-29 ,Falcon 9,Space Exploration Technologies Corporation,CA
"Oct 5, 2022 ",,Crew-5,Falcon 9,Space Exploration Technologies Corporation,FL
"Oct 5, 1997 ",,ECHOSTAR III ,Atlas IIAS,Lockheed Martin Commercial Launch Services,FL
"Oct 5, 1989 ",,SET-1 ,SMLV,American Rocket,CA
"Oct 4, 2022 ",,SES 20-21 ,Atlas V,United Launch Alliance,FL
"Oct 4, 2004 ",,(Flight 17P),SpaceShipOne,Scaled Composites,CA
"Oct 31, 2017 ",,Skybox,Minotaur-C,Orbital Sciences Corp.,CA
"Oct 30, 2017 ",,KoreaSat-5A,Falcon 9,Space Exploration Technologies Corporation,FL
"Oct 30, 2006 ",,XM Radio 4,Zenit-3SL,Sea Launch Limited Partnership,Pacific Ocean
"Oct 30, 1990 ",,INMARSAT 2 FLT 1 ,Delta II,McDonnell Douglas Corporation,FL
"Oct 29, 2001 ",,HyShot 1,Terrier-Orion,Astrotech,AU
"Oct 28, 2020 ",,"Flight 15/Papa1 ""In Focus"" ",Electron,Rocket Lab Global,NZ
"Oct 28, 2014 ",,Orb-3 Cygnus ,Antares,Orbital ATK,VA
"Oct 27, 2022 ",,Starlink Group 4-31 ,Falcon 9,Space Exploration Technologies Corporation,CA
"Oct 26, 2019 ",,M4 ,SARGE,Exos Aerospace,NM
"Oct 25, 2008 ",,COSMO SkyMed 3,Delta II,The Boeing Company,CA
"Oct 24, 2020 ",,Starlink v1.0-14 ,Falcon 9,Space Exploration Technologies Corporation,FL
"Oct 23, 1998 ",,SCD-2,Pegasus XL,Orbital ATK,FL
"Oct 23, 1995 ",,METEOR ,Conestoga,EER Systems Corporation,VA
"Oct 22, 1995 ",,EHF-F6 ,Atlas II,Lockheed Martin Commercial Launch Services,FL
"Oct 21, 2000 ",,THURAYA-1,Zenit-3SL,Sea Launch Limited Partnership,Pacific Ocean
"Oct 20, 2022 ",,Starlink Group 4-36 ,Falcon 9,Space Exploration Technologies Corporation,FL
"Oct 20, 1998 ",,GBS F9,Atlas IIA,Lockheed Martin Commercial Launch Services,FL
"Oct 2, 2020 ",,NG-14 ,Antares,Northrop Grumman,VA
"Oct 2, 2015 ",,Morelos-3 Communications Satellite ,Atlas V,United Launch Alliance,FL
"Oct 18, 2020 ",,Starlink v1.0-13 ,Falcon 9,Space Exploration Technologies Corporation,FL
"Oct 18, 2001 ",,QUICKBIRD 2,Delta II,McDonnell Douglas Corporation,CA
"Oct 17, 2016 ",,OA-5 Cygnus,Antares,Orbital Sciences Corp.,VA
"Oct 16, 2019 ",,Palisade ,Electron,Rocket Lab Global,NZ
"Oct 15, 2022 ",,Eutelsat HOTBIRD-F1 ,Falcon 9,Space Exploration Technologies Corporation,FL
"Oct 13, 2021 ",,NS-18/M16,New Shepard System,Blue Origin,TX
"Oct 13, 2020 ",,NS13 P10 ,New Shepard System,Blue Origin,TX
"Oct 12, 1992 ",,KOPERNIKUS ,Delta II,McDonnell Douglas Corporation,FL
"Oct 11, 2017 ",,SES-11,Falcon 9,Space Exploration Technologies Corporation,FL
"Oct 1, 2022 ",,FLTA002 ,Alpha,Firefly Aerospace,CA
"Oct 1, 2003 ",,Galaxy 13,Zenit-3SL,Sea Launch Limited Partnership,Pacific Ocean
"Nov 9, 1997 ",,IRIDIUM 5 ,Delta II,McDonnell Douglas Corporation,CA
"Nov 8, 2005 ",,INMARSAT-4F2,Zenit-3SL,Sea Launch Limited Partnership,Pacific Ocean
"Nov 6, 2010 ",,COSMO-Skymed 4,Delta II,Boeing Launch Services,CA
"Nov 6, 1998 ",,IRIDIUM 11,Delta II,McDonnell Douglas Corporation,CA
"Nov 4, 2012 ",,Scientific ,STIG-B,Armadillo Aerospace,NM
"Nov 29, 2018 ",,N/A ,Astra Rocket 2,Astra,AK
"Nov 29, 1994 ",,ORION ,Atlas IIA,Martin Marrietta,FL
"Nov 24, 2020 ",,Starlink v1.0-15 ,Falcon 9,Space Exploration Technologies Corporation,FL
"Nov 23, 2009 ",,Intelsat 14,Atlas V,Lockheed Martin Commercial Launch Services,FL
"Nov 23, 1999 ",,GBS F10,Atlas IIA,Lockheed Martin Commercial Launch Services,FL
"Nov 22, 1998 ",,BONUM-1,Delta II,McDonnell Douglas Corporation,FL
"Nov 21, 1996 ",,HOT BIRD 2 ,Atlas IIA,Lockheed Martin Commercial Launch Services,FL
"Nov 20, 2021 ",,LV0007 (mass simulator) ,Rocket 3.3,Astra,AK
"Nov 20, 2002 ",,EUTELSAT W5,Delta IV,Boeing Launch Services,FL
"Nov 2, 2019 ",,NG-12 Cygnus ,Antares,Northrop Grumman,VA
"Nov 19, 2020 ",,Flight 16 / Bonnie ,Electron,Rocket Lab Global,NZ
"Nov 19, 2013 ",,ORS-3 ,Minotaur,Orbital ATK,VA
"Nov 17, 2021 ",,"Flight 22 ""Love at First Insight"" ",Electron,Rocket Lab Global,NZ
"Nov 17, 2018 ",,NG-10 Cygnus ,Antares,Orbital Sciences Corp.,VA
"Nov 16, 1991 ",,CONSORT-4 ,Starfire 1,EER Systems Corporation,NM
"Nov 15, 2020 ",,Crew-1,Falcon 9,Space Exploration Technologies Corporation,FL
"Nov 15, 2018 ",,Es'Hail-2 ,Falcon 9,Space Exploration Technologies Corporation,FL
"Nov 15, 1989 ",,CONSORT-2 ,Starfire 1,Space Services,NM
"Nov 13, 2021 ",,Starlink Group 4-1 ,Falcon 9,Space Exploration Technologies Corporation,FL
"Nov 13, 2017 ",,OA-8 Cygnus ,Antares,Orbital Sciences Corp.,VA
"Nov 11, 2019 ",,Starlink ,Falcon 9,Space Exploration Technologies Corporation,FL
"Nov 11, 2016 ",,Worldview 4,Atlas V,Lockheed Martin Commercial Launch Services,CA
"Nov 10, 2021 ",,Crew-3,Falcon 9,Space Exploration Technologies Corporation,FL
"Nov 10, 2018 ",,It's Business Time ,Electron,Rocket Lab USA,NZ
"May 9, 2021 ",,Starlink v1.0-27 ,Falcon 9,Space Exploration Technologies Corporation,FL
"May 8, 2001 ",,XM-1,Zenit-3SL,Sea Launch Limited Partnership,Pacific Ocean
"May 6, 2022 ",,Starlink Group 4-17 ,Falcon 9,Space Exploration Technologies Corporation,FL
"May 6, 2016 ",,JCSat-14,Falcon 9,Space Exploration Technologies Corporation,FL
"May 6, 2015 ",,No payload; Pad Abort Test,Dragon crew,Space Exploration Technologies Corporation,FL
"May 5, 2021 ",,Suborbital Flight 5 (SN15) ,Starship Prototype,Space Exploration Technologies Corporation,TX
"May 5, 2019 ",,STP-27RD ,Electron,Rocket Lab USA,NZ
"May 5, 1999 ",,ORION 3,Delta III,McDonnell Douglas Corporation,FL
"May 5, 1997 ",,IRIDIUM 1 ,Delta II,McDonnell Douglas Corporation,CA
"May 4, 2021 ",,Starlink v1.0-25 ,Falcon 9,Space Exploration Technologies Corporation,FL
"May 4, 2019 ",,Dragon capsule ,Falcon 9,Space Exploration Technologies Corporation,FL
"May 4, 2004 ",,DTV 7S,Zenit,Sea Launch Limited Partnership,Pacific Ocean
"May 31, 1995 ",,EHF-F5 ,Atlas II,Martin Marrietta,FL
"May 29, 2018 ",,VP01-2,SpaceShipTwo,Virgin Galactic,CA
"May 29, 1991 ",,AURORA II ,Delta II,McDonnell Douglas Corporation,FL
"May 27, 2016 ",,Thaicom 8,Falcon 9,Space Exploration Technologies Corporation,FL
"May 26, 2021 ",,Starlink v1.0-28 ,Falcon 9,Space Exploration Technologies Corporation,FL
"May 26, 2014 ",,Eutelsat 3B,Zenit-3SL,"Energia Logistics, Ltd. (ELUS)",Pacific Ocean
"May 25, 2022 ",,Transporter-5 ,Falcon 9,Space Exploration Technologies Corporation,FL
"May 25, 2020 ",,Flight 1 ,LauncherOne (L1),"Virgin Orbit, LLC",CA
"May 25, 2017 ",,Humanity Star,Electron,Rocket Lab USA,NZ
"May 24, 2006 ",,GOES N,Delta IV,McDonnell Douglas Corporation,FL
"May 24, 2000 ",,EUTELSAT W4,Atlas IIIA,Lockheed Martin Commercial Launch Services,FL
"May 24, 1996 ",,GALAXY IX ,Delta II,McDonnell Douglas Corporation,FL
"May 23, 2019 ",,Starlink ,Falcon 9,Space Exploration Technologies Corporation,FL
"May 22, 2021 ",,VF02-02,SpaceShipTwo,Virgin Galactic,NM
"May 22, 2018 ",,Iridium GRACE FO ,Falcon 9,Space Exploration Technologies Corporation,CA
"May 22, 2012 ",,Dragon Reentry Capsule,Falcon 9,Space Exploration Technologies Corporation,FL
"May 21, 2018 ",,OA-9 Cygnus ,Antares,Orbital ATK,VA
"May 21, 2008 ",,Galaxy 18,Zenit-3SL,Sea Launch Limited Partnership,Pacific Ocean
"May 20, 2004 ",,AMC-11,Atlas IIAS,Lockheed Martin Commercial Launch Services,FL
"May 20, 1997 ",,THOR 2A ,Delta II,McDonnell Douglas Corporation,FL
"May 2, 2022 ",,"F26 ""There and Back Again"" ",Electron,Rocket Lab Global,NZ
"May 2, 2019 ",,NS4 P8 ,New Shepard System,Blue Origin,TX
"May 18, 2022 ",,Starlink Group 4-18 ,Falcon 9,Space Exploration Technologies Corporation,FL
"May 18, 1999 ",,TERRIERS,Pegasus XL,Orbital ATK,CA
"May 17, 2004 ",,Rocsat-2,Taurus,Orbital ATK,CA
"May 17, 1998 ",,IRIDIUM 9,Delta II,McDonnell Douglas Corporation,CA
"May 17, 1996 ",,MSTI III ,Std Pegasus,Orbital ATK,CA
"May 17, 1990 ",,CONSORT-3 ,Starfire 1,Space Services,NM
"May 15, 2021 ",,Starlink v1.0-26 ,Falcon 9,Space Exploration Technologies Corporation,FL
"May 15, 2021 ",,"F20 ""Running out of Toes"" ",Electron,Rocket Lab Global,NZ
"May 15, 2017 ",,Inmarsat-5 F-4,Falcon 9,Space Exploration Technologies Corporation,FL
"May 14, 2022 ",,Starlink Group 4-15 ,Falcon 9,Space Exploration Technologies Corporation,FL
"May 14, 1992 ",,PALAPA B-4 ,Delta II,McDonnell Douglas Corporation,FL
"May 13, 2022 ",,Starlink Group 4-13 ,Falcon 9,Space Exploration Technologies Corporation,CA
"May 13, 2004 ",,(Flight 14P),SpaceShipOne,Scaled Composites,CA
"May 13, 2003 ",,Hellas Sat 2,Atlas V,Lockheed Martin Commercial Launch Services,FL
"May 11, 2018 ",,BangabandhuSat-1 ,Falcon 9,Space Exploration Technologies Corporation,FL
"May 1, 2017 ",,NROL-76,Falcon 9,Space Exploration Technologies Corporation,FL
"Mar 9, 2022 ",,Starlink Group 4-10 ,Falcon 9,Space Exploration Technologies Corporation,FL
"Mar 8, 1997 ",,TEMPO DBS ,Atlas IIA,Lockheed Martin Commercial Launch Services,FL
"Mar 8, 1991 ",,INMARSAT 2 FLT 2 ,Delta II,McDonnell Douglas Corporation,FL
"Mar 6, 2020 ",,CRS-20 ,Falcon 9,Space Exploration Technologies Corporation,FL
"Mar 6, 2018 ",,HispaSat 30W-6,Falcon 9,Space Exploration Technologies Corporation,FL
"Mar 4, 2021 ",,Starlink v1.0-17 ,Falcon 9,Space Exploration Technologies Corporation,FL
"Mar 4, 2016 ",,SES-9,Falcon 9,Space Exploration Technologies Corporation,FL
"Mar 4, 2010 ",,GOES-P,Delta IV,Boeing Launch Services,FL
"Mar 31, 2022 ",,NS-20/M18,New Shepard System,Blue Origin,TX
"Mar 30, 2021 ",,SN11 ,Starship Prototype,Space Exploration Technologies Corporation,TX
"Mar 30, 2018 ",,Iridium-5,Falcon 9,Space Exploration Technologies Corporation,CA
"Mar 30, 2017 ",,SES-10,Falcon 9,Space Exploration Technologies Corporation,FL
"Mar 30, 1998 ",,IRIDIUM 8,Delta II,McDonnell Douglas Corporation,CA
"Mar 3, 2022 ",,Starlink Group 4-9 ,Falcon 9,Space Exploration Technologies Corporation,FL
"Mar 3, 2021 ",,SN10 Suborbital Flight ,Starship Prototype,Space Exploration Technologies Corporation,TX
"Mar 29, 1989 ",,CONSORT-1 ,Starfire,Space Services,NM
"Mar 28, 2019 ",,Yellowfin ,Electron,Rocket Lab USA,NZ
"Mar 28, 1999 ",,Mass Simulator,Zenit-3SL,Sea Launch Limited Partnership,Pacific Ocean
"Mar 25, 1993 ",,UHF-1 ,Atlas I,General Dynamics,FL
"Mar 24, 2021 ",,Starlink v1.0-22 ,Falcon 9,Space Exploration Technologies Corporation,FL
"Mar 22, 2021 ",,"F19 ""They Go Up So Fast"" ",Electron,Rocket Lab Global,NZ
"Mar 22, 2016 ",,OA-6 Cygnus,Atlas V,United Launch Alliance,FL
"Mar 22, 1995 ",,INTELSAT-VII-705 ,Atlas IIAS,Martin Marrietta,FL
"Mar 2, 2019 ",,M1 ,SARGE,Exos Aerospace,NM
"Mar 19, 2022 ",,Starlink Group 4-12 ,Falcon 9,Space Exploration Technologies Corporation,FL
"Mar 19, 2008 ",,DIRECTV 11,Zenit-3SL,Sea Launch Limited Partnership,Pacific Ocean
"Mar 18, 2020 ",,Starlink ,Falcon 9,Space Exploration Technologies Corporation,FL
"Mar 18, 2001 ",,XM-2,Zenit-3SL,Sea Launch Limited Partnership,Pacific Ocean
"Mar 16, 2017 ",,EchoStar-23,Falcon 9,Space Exploration Technologies Corporation,FL
"Mar 16, 1998 ",,GBS F8,Atlas IIA,Lockheed Martin Commercial Launch Services,FL
"Mar 15, 2022 ",,LV0009 ,Astra Rocket v3.3,Astra,AK
"Mar 14, 2021 ",,Starlink v1.0-21 ,Falcon 9,Space Exploration Technologies Corporation,FL
"Mar 14, 1992 ",,GALAXY 5 ,Atlas I,General Dynamics,FL
"Mar 14, 1990 ",,INTELSAT VI ,Titan,Martin Marrietta,FL
"Mar 13, 2004 ",,MBSat,Atlas IIIA,Lockheed Martin Commercial Launch Services,FL
"Mar 12, 2000 ",,ICOF-1,Zenit-3SL,Sea Launch Limited Partnership,Pacific Ocean
"Mar 11, 2021 ",,Starlink v1.0-20 ,Falcon 9,Space Exploration Technologies Corporation,FL
"Mar 11, 2005 ",,INMARSAT-4F1,Atlas V-431,Lockheed Martin Commercial Launch Services,FL
"Mar 1, 2015 ",,ABS3/EUTELSAT-1,Falcon 9,Space Exploration Technologies Corporation,FL
"Mar 1, 2013 ",,Dragon Reentry Capsule,Falcon 9,Space Exploration Technologies Corporation,FL
"Mar 1, 2005 ",,XM-3,Zenit-3SL,Sea Launch Limited Partnership,Pacific Ocean
"Jun 8, 2022 ",,Nilesat-301 ,Falcon 9,Space Exploration Technologies Corporation,FL
"Jun 8, 2007 ",,COSMO-SkyMed 1,Delta II,McDonnell Douglas Corporation,CA
"Jun 7, 2003 ",,Thuraya II,Zenit-3SL,Sea Launch Limited Partnership,Pacific Ocean
"Jun 7, 2000 ",,TSX-5,Pegasus XL,Orbital ATK,CA
"Jun 6, 2021 ",,SiriusXM-8 ,Falcon 9,Space Exploration Technologies Corporation,FL
"Jun 4, 2022 ",,NS-21/A1,New Shepard System,Blue Origin,TX
"Jun 4, 2018 ",,SES-12 ,Falcon 9,Space Exploration Technologies Corporation,FL
"Jun 4, 2010 ",,Dragon Reentry Capsule,Falcon 9,Space Exploration Technologies Corporation,FL
"Jun 30, 2021 ",,Transporter-2 ,Falcon 9,Space Exploration Technologies Corporation,FL
"Jun 30, 2021 ",,Flight 3 ,LauncherOne (L1),"Virgin Orbit, LLC",CA
"Jun 3, 2021 ",,CRS-22 ,Falcon 9,Space Exploration Technologies Corporation,FL
"Jun 3, 2020 ",,Starlink ,Falcon 9,Space Exploration Technologies Corporation,FL
"Jun 3, 2017 ",,Dragon CRS-11,Falcon 9,Space Exploration Technologies Corporation,FL
"Jun 29, 2022 ",,SES-22 ,Falcon 9,Space Exploration Technologies Corporation,FL
"Jun 29, 2019 ",,BLACKSKY ,Electron,Rocket Lab USA,NZ
"Jun 29, 2018 ",,CRS-15 ,Falcon 9,Space Exploration Technologies Corporation,FL
"Jun 29, 2004 ",,Telstar 18,Zenit-3SL,Sea Launch Limited Partnership,Pacific Ocean
"Jun 28, 2022 ",,Flight 27 Capstone ,Electron,Rocket Lab Global,NZ
"Jun 28, 2015 ",,Dragon Spacecraft CRS-7,Falcon 9,Space Exploration Technologies Corporation,FL
"Jun 27, 2009 ",,GOES O,Delta IV,The Boeing Company,FL
"Jun 26, 2003 ",,Orbview 3,Pegasus XL,Orbital ATK,CA
"Jun 25, 2017 ",,Iridium-2,Falcon 9,Space Exploration Technologies Corporation,CA
"Jun 24, 1994 ",,UHF-3 ,Atlas I,Martin Marrietta,FL
"Jun 23, 2017 ",,Bulgaria SAT-1,Falcon 9,Space Exploration Technologies Corporation,FL
"Jun 23, 2005 ",,Intelsat Americas 8,Zenit-3SL,Sea Launch Limited Partnership,Pacific Ocean
"Jun 23, 1990 ",,INTELSAT VI ,Titan,Martin Marrietta,FL
"Jun 21, 2004 ",,(Flight 15P),SpaceShipOne,Scaled Composites,CA
"Jun 19, 2022 ",,Globalstar-FM15 ,Falcon 9,Space Exploration Technologies Corporation,FL
"Jun 19, 2001 ",,ICO 2,Atlas IIAS,Lockheed Martin Commercial Launch Services,FL
"Jun 18, 2022 ",,SARah-1 ,Falcon 9,Space Exploration Technologies Corporation,CA
"Jun 18, 2006 ",,Galaxy 16,Zenit-3SL,Sea Launch Limited Partnership,Pacific Ocean
"Jun 18, 1998 ",,INTELSAT 805,Atlas IIAS,Lockheed Martin Commercial Launch Services,FL
"Jun 18, 1991 ",,JOUST-1 ,Prospector,Space Data,FL
"Jun 17, 2022 ",,Starlink Group 4-19 ,Falcon 9,Space Exploration Technologies Corporation,FL
"Jun 15, 2016 ",,ABS-2A/Eutelsat 117W B,Falcon 9,Space Exploration Technologies Corporation,FL
"Jun 15, 2002 ",,GALAXY IIIC,Zenit-3SL,Sea Launch Limited Partnership,Pacific Ocean
"Jun 13, 2021 ",,TacRL-2 ,Pegasus XL,"Orbital Sciences, LLC",CA
"Jun 13, 2020 ",,Starlink ,Falcon 9,Space Exploration Technologies Corporation,FL
"Jun 13, 2020 ",,Big Ben ,Electron,Rocket Lab Global,NZ
"Jun 12, 2022 ",,LV0010/TROPICS-1 ,Rocket 3.3,Astra,FL
"Jun 12, 2019 ",,RadarSat ,Falcon 9,Space Exploration Technologies Corporation,CA
"Jun 12, 1990 ",,INSAT-1D ,Delta 4925,McDonnell Douglas Corporation,FL
"Jun 10, 1999 ",,GLOBALSTAR 3,Delta II,McDonnell Douglas Corporation,FL
"Jun 10, 1998 ",,THOR III,Delta II,McDonnell Douglas Corporation,FL
"Jun 10, 1992 ",,INTELSAT K ,Atlas IIA,General Dynamics,FL
"Jun 1, 2012 ",,Intelsat-19,Zenit-3SL,"Energia Logistics, Ltd. (ELUS)",Pacific Ocean
"Jul 9, 1997 ",,IRIDIUM 2 ,Delta II,McDonnell Douglas Corporation,CA
"Jul 7, 2022 ",,Starlink Group 4-21 ,Falcon 9,Space Exploration Technologies Corporation,FL
"Jul 5, 2017 ",,Intelsat-35,Falcon 9,Space Exploration Technologies Corporation,FL
"Jul 4, 2020 ",,Exposure ,Electron,Rocket Lab Global,NZ
"Jul 30, 2002 ",,HyShot 2,Terrier-Orion,Astrotech,AU
"Jul 29, 2021 ",,Monolith ,Electron,Rocket Lab Global,NZ
"Jul 28, 2000 ",,PAS 9,Zenit-3SL,Sea Launch Limited Partnership,Pacific Ocean
"Jul 28, 1997 ",,SUPERBIRD-C ,Atlas IIAS,Lockheed Martin Commercial Launch Services,FL
"Jul 26, 2018 ",,N/A,SpaceShipTwo,Virgin Galactic,CA
"Jul 25, 2019 ",,CRS-18 ,Falcon 9,Space Exploration Technologies Corporation,FL
"Jul 25, 2018 ",,Iridium-6 ,Falcon 9,Space Exploration Technologies Corporation,CA
"Jul 25, 1999 ",,GLOBALSTAR 5,Delta II,McDonnell Douglas Corporation,FL
"Jul 25, 1996 ",,EHF F7 ,Atlas II,Lockheed Martin Commercial Launch Services,FL
"Jul 25, 1990 ",,CRRES ,Atlas I,General Dynamics,FL
"Jul 24, 2022 ",,Starlink Group 4-25 ,Falcon 9,Space Exploration Technologies Corporation,FL
"Jul 22, 2022 ",,Starlink Group 3-2 ,Falcon 9,Space Exploration Technologies Corporation,CA
"Jul 22, 2018 ",,Telstar 19V ,Falcon 9,Space Exploration Technologies Corporation,FL
"Jul 20, 2021 ",,NS-16/M15,New Shepard System,Blue Origin,TX
"Jul 20, 2020 ",,K-MILSAT 1 ,Falcon 9,Space Exploration Technologies Corporation,FL
"Jul 20, 2018 ",,N/A ,Astra Rocket 1,"Astra Space, Inc.",AK
"Jul 2, 2022 ",,Flight 5 ,LauncherOne (L1),"Virgin Orbit, LLC",CA
"Jul 18, 2018 ",,Multiple Payloads,PM4,Blue Origin,TX
"Jul 18, 2016 ",,CRS-9,Falcon 9,Space Exploration Technologies Corporation,FL
"Jul 17, 2022 ",,Starlink Group 4-22 ,Falcon 9,Space Exploration Technologies Corporation,FL
"Jul 17, 2003 ",,Rainbow,Atlas V,Lockheed Martin Commercial Launch Services,FL
"Jul 16, 2008 ",,EchoStar XI,Zenit-3SL,Sea Launch Limited Partnership,Pacific Ocean
"Jul 14, 2022 ",,CRS-25 ,Falcon 9,Space Exploration Technologies Corporation,FL
"Jul 14, 2014 ",,Orbcomm-1 Second Generation Communications Satellites (#1 through #6),Falcon 9,Space Exploration Technologies Corporation,FL
"Jul 14, 2009 ",,RazakSat,Falcon 1,Space Exploration Technologies Corporation,MH
"Jul 14, 2000 ",,ECHOSTAR VI,Atlas IIAS,Lockheed Martin Commercial Launch Services,FL
"Jul 13, 2022 ",,F28 NROL-162 (Wise One Looks Ahead) ,Electron,Rocket Lab Global,NZ
"Jul 13, 2014 ",,Orb-2 Cygnus ,Antares,Orbital ATK,VA
"Jul 11, 2021 ",,VH-01,SpaceShipTwo,Virgin Galactic,NM
"Jul 10, 2022 ",,Starlink Group 3-1 ,Falcon 9,Space Exploration Technologies Corporation,CA
"Jul 10, 1999 ",,GLOBALSTAR 4,Delta II,McDonnell Douglas Corporation,FL
"Jul 1, 2019 ",,M3 ,SARGE,Exos Aerospace,NM
"Jan 9, 2014 ",,Orb-1 Cygnus ,Antares,Orbital ATK,VA
"Jan 8, 1991 ",,NATO IVA ,Delta II,McDonnell Douglas Corporation,FL
"Jan 7, 2021 ",,Turksat-5A ,Falcon 9,Space Exploration Technologies Corporation,FL
"Jan 7, 2018 ",,Zuma ,Falcon 9,Space Exploration Technologies Corporation,FL
"Jan 7, 1998 ",,Lunar Prospector,Athena-2,Lockheed Martin Commercial Launch Services,FL
"Jan 6, 2022 ",,Starlink Group 4-5 ,Falcon 9,Space Exploration Technologies Corporation,FL
"Jan 6, 2020 ",,Starlink ,Falcon 9,Space Exploration Technologies Corporation,FL
"Jan 6, 2014 ",,THAICOM 6 MISSION ,Falcon 9,Space Exploration Technologies Corporation,FL
"Jan 5, 2013 ",,Scientific ,STIG-B III,Armadillo Aerospace,NM
"Jan 31, 2022 ",,COSMO-SkyMed ,Falcon 9,Space Exploration Technologies Corporation,FL
"Jan 31, 2018 ",,GovSat-1,Falcon 9,Space Exploration Technologies Corporation,FL
"Jan 30, 2020 ",,L-151 ,Electron,Rocket Lab USA,NZ
"Jan 30, 2007 ",,NSS-8,Zenit-3SL,Sea Launch Limited Partnership,Pacific Ocean
"Jan 29, 2020 ",,Starlink ,Falcon 9,Space Exploration Technologies Corporation,FL
"Jan 28, 1995 ",,EHF-F4 ,Atlas II,Martin Marrietta,FL
"Jan 27, 1999 ",,ROCSAT,Athena-11,Lockheed Martin Commercial Launch Services,FL
"Jan 24, 2021 ",,Transporter-1 ,Falcon 9,Space Exploration Technologies Corporation,FL
"Jan 23, 2019 ",,P7 ,New Shepard System,Blue Origin,TX
"Jan 20, 2021 ",,Starlink v1.0-16 ,Falcon 9,Space Exploration Technologies Corporation,FL
"Jan 20, 2021 ",,Kramer/Another One Leaves the Crust ,Electron,Rocket Lab Global,NZ
"Jan 20, 2018 ",,StillTesting,Electron,Rocket Lab USA,NZ
"Jan 19, 2020 ",,Crew Dragon/In-Flight Abort ,Falcon 9,Space Exploration Technologies Corporation,FL
"Jan 18, 2022 ",,Starlink Group 4-6 ,Falcon 9,Space Exploration Technologies Corporation,FL
"Jan 17, 2021 ",,Flight 2 ,LauncherOne (L1),"Virgin Orbit, LLC",CA
"Jan 15, 2008 ",,Thuraya D3,Zenit-3SL,Sea Launch Limited Partnership,Pacific Ocean
"Jan 14, 2021 ",,NS-14/M13 ,New Shepard System,Blue Origin,TX
"Jan 14, 2017 ",,Iridium-1,Falcon 9,Space Exploration Technologies Corporation,CA
"Jan 14, 1996 ",,KOREASAT-2 ,Delta II,McDonnell Douglas Corporation,FL
"Jan 13, 2022 ",,Flight 4 ,LauncherOne (L1),"Virgin Orbit, LLC",CA
"Jan 13, 2022 ",,F9-137 Transporter-3 ,Falcon 9,Space Exploration Technologies Corporation,FL
"Jan 11, 2019 ",,Iridium-7 ,Falcon 9,Space Exploration Technologies Corporation,CA
"Jan 11, 2004 ",,Estrela do Sul,Zenit,Sea Launch Limited Partnership,Pacific Ocean
"Jan 10, 2015 ",,Dragon Spacecraft CRS-5,Falcon 9,Space Exploration Technologies Corporation,FL
"Jan 10, 1998 ",,SKYNET 4D,Delta II,McDonnell Douglas Corporation,FL
"Jan 10, 1995 ",,INTELSAT-VII-704 ,Atlas IIAS,Martin Marrietta,FL
"Jan 1, 1990 ",,JCSAT/SKYNET ,Titan,Martin Marrietta,FL
"Feb 9, 1993 ",,SCD-1/OXP ,Pegasus,Orbital ATK,VA
"Feb 8, 2000 ",,GLOBALSTAR 7,Delta II,McDonnell Douglas Corporation,FL
"Feb 6, 2018 ",,Tesla Roadster,Falcon Heavy,Space Exploration Technologies Corporation,FL
"Feb 5, 2004 ",,AMC-10,Atlas IIAS,Lockheed Martin Commercial Launch Services,FL
"Feb 4, 2021 ",,Starlink v1.0-18 ,Falcon 9,Space Exploration Technologies Corporation,FL
"Feb 3, 2022 ",,Starlink Group 4-7 ,Falcon 9,Space Exploration Technologies Corporation,FL
"Feb 3, 2000 ",,HISPASAT-1C,Atlas IIAS,Lockheed Martin Commercial Launch Services,FL
"Feb 28, 2022 ",,"Flight 24 ""The Owl's Night Continues"" ",Electron,Rocket Lab Global,NZ
"Feb 28, 1998 ",,INTELSAT 806,Atlas IIAS,Lockheed Martin Commercial Launch Services,FL
"Feb 26, 1998 ",,SNOE,Pegasus XL,Orbital ATK,CA
"Feb 25, 2022 ",,Starlink Group 4-11 ,Falcon 9,Space Exploration Technologies Corporation,CA
"Feb 22, 2019 ",,VF-01,SpaceShipTwo,Virgin Galactic,CA
"Feb 22, 2018 ",,Paz/Demosat,Falcon 9,Space Exploration Technologies Corporation,CA
"Feb 21, 2022 ",,Starlink Group 4-8 ,Falcon 9,Space Exploration Technologies Corporation,FL
"Feb 21, 2019 ",,PSN VI ,Falcon 9,Space Exploration Technologies Corporation,FL
"Feb 21, 2002 ",,ECHOSTAR VII,Atlas IIIB,Lockheed Martin Commercial Launch Services,FL
"Feb 20, 2021 ",,NG-15 ,Antares,Orbital Sciences Corp,VA
"Feb 2, 2021 ",,SN9 Suborbital Flight ,Starship Prototype,Space Exploration Technologies Corporation,TX
"Feb 19, 2022 ",,NG-17 ,Antares,"Orbital Sciences, LLC",VA
"Feb 19, 2017 ",,Dragon CRS 10,Falcon 9,Space Exploration Technologies Corporation,FL
"Feb 19, 1994 ",,GALAXY 1R-2 ,Delta II,McDonnell Douglas Corporation,FL
"Feb 19, 1993 ",,CONSORT-6 ,Starfire 1,EER Systems Corporation,NM
"Feb 18, 1998 ",,IRIDIUM 7,Delta II,McDonnell Douglas Corporation,CA
"Feb 17, 2020 ",,Starlink ,Falcon 9,Space Exploration Technologies Corporation,FL
"Feb 17, 1997 ",,JCSAT-4 ,Atlas IIAS,Lockheed Martin Commercial Launch Services,FL
"Feb 16, 2021 ",,Starlink v1.0-19 ,Falcon 9,Space Exploration Technologies Corporation,FL
"Feb 16, 1999 ",,JCSAT-6,Atlas IIAS,Lockheed Martin Commercial Launch Services,FL
"Feb 15, 2020 ",,NG-13 Cygnus ,Antares,Northrop Grumman,VA
"Feb 15, 2006 ",,Echostar X,Zenit-3SL,Sea Launch Limited Partnership,Pacific Ocean
"Feb 14, 1998 ",,GLOBALSTAR 1,Delta II,McDonnell Douglas Corporation,FL
"Feb 14, 1990 ",,LOSAT ,Delta II,McDonnell Douglas Corporation,FL
"Feb 11, 2002 ",,IRIDIUM,Delta II,McDonnell Douglas Corporation,CA
"Feb 10, 2022 ",,VCLS Demo-2 ,Rocket 3.3,"Astra Space, Inc.",FL
"Feb 10, 1998 ",,GEOSAT F/O,Taurus,Orbital ATK,CA
"Feb 1, 2013 ",,Intelsat 27,Zenit-3SL,"Energia Logistics, Ltd. (ELUS)",Pacific Ocean
"Feb 1, 1996 ",,PALAPA-C1 ,Atlas IIAS,Lockheed Martin Commercial Launch Services,FL
"Dec 9, 2020 ",,15km Hop ,Starship Prototype,Space Exploration Technologies Corporation,TX
"Dec 9, 2007 ",,COSMO-SkyMed-2,Delta II,Boeing Launch Services,CA
"Dec 8, 2021 ",,"Flight 23 ""A Data With Destiny"" ",Electron,Rocket Lab Global,NZ
"Dec 8, 2010 ",,Dragon Reentry Capsule,Falcon 9,Space Exploration Technologies Corporation,FL
"Dec 8, 1997 ",,GALAXY 8I ,Atlas IIAS,Lockheed Martin Commercial Launch Services,FL
"Dec 8, 1994 ",,CSAR II ,Black Brant,EER Systems Corporation,NM
"Dec 8, 1993 ",,NATO IVB ,Delta II,McDonnell Douglas Corporation,FL
"Dec 7, 1991 ",,EUTELSAT ,Atlas II,General Dynamics,FL
"Dec 6, 2020 ",,CRS-21 ,Falcon 9,Space Exploration Technologies Corporation,FL
"Dec 6, 2019 ",,Pinball / Running Out of Fingers ,Electron,Rocket Lab USA,NZ
"Dec 6, 2015 ",,OA-4 Cygnus,Atlas V,United Launch Alliance,FL
"Dec 5, 2019 ",,CRS-19 ,Falcon 9,Space Exploration Technologies Corporation,FL
"Dec 5, 2018 ",,CRS-16 ,Falcon 9,Space Exploration Technologies Corporation,FL
"Dec 5, 2014 ",,Orion Exploration Flight Test 1 (EFT-1) reentry vehicle,Delta IV Heavy,United Launch Alliance,FL
"Dec 4, 1999 ",,ORBCOMM IV,Pegasus XL,Orbital ATK,VA
"Dec 3, 2018 ",,SSO-A ,Falcon 9,Space Exploration Technologies Corporation,CA
"Dec 3, 2013 ",,SES-8 ,Falcon 9,Space Exploration Technologies Corporation,FL
"Dec 3, 2012 ",,Eutelsat 70B,Zenit-3SL,"Energia Logistics, Ltd. (ELUS)",Pacific Ocean
"Dec 23, 1997 ",,ORBCOMM I,Pegasus XL,Orbital ATK,VA
"Dec 22, 2017 ",,Iridium-4,Falcon 9,Space Exploration Technologies Corporation,CA
"Dec 21, 2021 ",,CRS-24 ,Falcon 9,Space Exploration Technologies Corporation,FL
"Dec 21, 2015 ",,Orbcomm2,Falcon 9,Space Exploration Technologies Corporation,FL
"Dec 21, 1999 ",,KOMPSAT/ACRIMSAT,Taurus,Orbital ATK,CA
"Dec 20, 1997 ",,IRIDIUM 6 ,Delta II,McDonnell Douglas Corporation,CA
"Dec 2, 2021 ",,Starlink Group 4-3 ,Falcon 9,Space Exploration Technologies Corporation,FL
"Dec 19, 2020 ",,NROL-108 ,Falcon 9,Space Exploration Technologies Corporation,FL
"Dec 18, 2021 ",,Turksat-5B ,Falcon 9,Space Exploration Technologies Corporation,FL
"Dec 18, 2021 ",,Starlink Group 4-4 ,Falcon 9,Space Exploration Technologies Corporation,CA
"Dec 18, 2016 ",,EchoStar 19,Atlas V,Lockheed Martin Commercial Launch Services,FL
"Dec 18, 2003 ",,UHF-F11 17,Atlas IIIB,Lockheed Martin Commercial Launch Services,FL
"Dec 18, 1996 ",,INMARSAT III F3 ,Atlas IIA,Lockheed Martin Commercial Launch Services,FL
"Dec 17, 2004 ",,AMC-16,Atlas V-521,Lockheed Martin Commercial Launch Services,FL
"Dec 16, 2019 ",,JCSAT-18 ,Falcon 9,Space Exploration Technologies Corporation,FL
"Dec 16, 2018 ",,ELaNa XIX ,Electron,Rocket Lab USA,NZ
"Dec 16, 1993 ",,TELSTAR 401 ,Atlas IIAS,General Dynamics,FL
"Dec 15, 2020 ",,Test Launch ,Rocket 3.2,Astra,AK
"Dec 15, 2020 ",,Flight 17 / SARdine ,Electron,Rocket Lab Global,NZ
"Dec 15, 2017 ",,Dragon,Falcon 9,Space Exploration Technologies Corporation,FL
"Dec 15, 1995 ",,Galaxy 3R ,Atlas IIA,Lockheed Martin Commercial Launch Services,FL
"Dec 13, 2020 ",,SiriusXM-7 ,Falcon 9,Space Exploration Technologies Corporation,FL
"Dec 13, 2018 ",,VP-03,SpaceShipTwo,Virgin Galactic,CA
"Dec 12, 2020 ",,VF02,SpaceShipTwo,Virgin Galactic,NM
"Dec 12, 2017 ",,Blue Origin Crew Capsule,New Shepard System,Blue Origin,TX
"Dec 11, 2021 ",,NS-19/M17,New Shepard System,Blue Origin,TX
"Dec 11, 2019 ",,NS4 P9 ,New Shepard System,Blue Origin,TX
"Aug 9, 2022 ",,Starlink Group 4-26 ,Falcon 9,Space Exploration Technologies Corporation,FL
"Aug 8, 2003 ",,Echostar IX,Zenit-3SL,Sea Launch Limited Partnership,Pacific Ocean
"Aug 7, 2020 ",,Starlink v1.0-9 ,Falcon 9,Space Exploration Technologies Corporation,FL
"Aug 7, 2018 ",,Telkom-4 ,Falcon 9,Space Exploration Technologies Corporation,FL
"Aug 6, 2019 ",,Amos-17 ,Falcon 9,Space Exploration Technologies Corporation,FL
"Aug 5, 2014 ",,AsiaSat-8,Falcon 9,Space Exploration Technologies Corporation,FL
"Aug 5, 1995 ",,KOREASAT-1 ,Delta II,McDonnell Douglas Corporation,FL
"Aug 4, 2022 ",,KPLO ,Falcon 9,Space Exploration Technologies Corporation,FL
"Aug 4, 2022 ",,NS-22/A2,New Shepard System,Blue Origin,TX
"Aug 4, 2022 ",,"F29 NROL-199 (""Antipodean Adventure"") ",Electron,Rocket Lab Global,NZ
"Aug 4, 2020 ",,150M Hop ,Starship Prototype,Space Exploration Technologies Corporation,TX
"Aug 31, 2022 ",,Starlink Group 3-4 ,Falcon 9,Space Exploration Technologies Corporation,CA
"Aug 31, 1992 ",,SATCOM C4 ,Delta II,McDonnell Douglas Corporation,FL
"Aug 30, 2020 ",,Capella-2 ,Electron,Rocket Lab Global,NZ
"Aug 30, 2020 ",,SAOCOM-1B ,Falcon 9,Space Exploration Technologies Corporation,FL
"Aug 3, 1994 ",,HUGHES DIRECT TV ,Atlas IIA,Martin Marrietta,FL
"Aug 29, 2021 ",,CRS-23 ,Falcon 9,Space Exploration Technologies Corporation,FL
"Aug 29, 1995 ",,JCSAT-3 ,Atlas IIAS,Lockheed Martin Commercial Launch Services,FL
"Aug 28, 2021 ",,Mass Simulator ,Rocket 3.3LV0006,Astra,AK
"Aug 27, 2022 ",,Starlink Group 4-23 ,Falcon 9,Space Exploration Technologies Corporation,FL
"Aug 27, 1998 ",,GALAXY 10,Delta III,McDonnell Douglas Corporation,FL
"Aug 27, 1989 ",,BSB-R1 ,Delta II,McDonnell Douglas Corporation,FL
"Aug 26, 2021 ",,NS-17/P11 ,New Shepard System,Blue Origin,TX
"Aug 26, 2017 ",,ORS-5,Minotaur IV,Orbital ATK,FL
"Aug 25, 2018 ",,Pathfinder 1 ,SARGE,Exos Aerospace,NM
"Aug 24, 2017 ",,Formosat-5,Falcon 9,Space Exploration Technologies Corporation,CA
"Aug 23, 2000 ",,DM-F3 (DEMOSAT),Delta III,TBC,FL
"Aug 22, 2006 ",,Koreasat 5,Zenit-3SL,Sea Launch Limited Partnership,Pacific Ocean
"Aug 22, 1997 ",,LEWIS ,LMLV-1,Lockheed Martin Commercial Launch Services,CA
"Aug 22, 1992 ",,GALAXY 1R ,Atlas I,General Dynamics,FL
"Aug 21, 2002 ",,HOTBIRD 6,Atlas V,Lockheed Martin Commercial Launch Services,FL
"Aug 21, 1997 ",,IRIDIUM 3 ,Delta II,McDonnell Douglas Corporation,CA
"Aug 2, 2008 ",,"Trailblazer, Presat, Nanosail-D",Falcon 1,Space Exploration Technologies Corporation,MH
"Aug 2, 1998 ",,ORBCOMM II,Pegasus XL,Orbital ATK,VA
"Aug 19, 2022 ",,Starlink Group 4-27 ,Falcon 9,Space Exploration Technologies Corporation,FL
"Aug 19, 2019 ",,PEARLWHITE ,Electron,Rocket Lab USA,NZ
"Aug 18, 2020 ",,Starlink v1.0-10 ,Falcon 9,Space Exploration Technologies Corporation,FL
"Aug 18, 2012 ",,Intelsat 21,Zenit-3SL,"Energia Logistics, Ltd. (ELUS)",Pacific Ocean
"Aug 17, 1999 ",,GLOBALSTAR 6,Delta II,McDonnell Douglas Corporation,FL
"Aug 17, 1990 ",,BSB-R2 ,Delta II,McDonnell Douglas Corporation,FL
"Aug 15, 1995 ",,GEMSTAR ,LLV-1,Lockheed Martin Commercial Launch Services,CA
"Aug 14, 2017 ",,CRS-12,Falcon 9,Space Exploration Technologies Corporation,FL
"Aug 14, 2016 ",,JCSat-16,Falcon 9,Space Exploration Technologies Corporation,FL
"Aug 13, 2014 ",,WorldView-3 Satellite,Atlas V-401,Lockheed Martin Commercial Launch Services,CA
"Aug 12, 2022 ",,Starlink 3-3 ,Falcon 9,Space Exploration Technologies Corporation,CA
"Aug 10, 2021 ",,NG-16 ,Antares,Orbital Sciences Corp,VA
"Aug 1, 1997 ",,SEASTAR ,Pegasus XL,Orbital ATK,CA
"Apr 8, 2022 ",,Axiom-1,Falcon 9,Space Exploration Technologies Corporation,FL
"Apr 8, 2016 ",,Dragon Spacecraft CRS-8,Falcon 9,Space Exploration Technologies Corporation,FL
"Apr 8, 2004 ",,(Flight 13P),SpaceShipOne,Scaled Composites,CA
"Apr 7, 2021 ",,Starlink v1.0-23 ,Falcon 9,Space Exploration Technologies Corporation,FL
"Apr 7, 1995 ",,MSAT ,Atlas IIA,Martin Marrietta,FL
"Apr 5, 2018 ",,N/A,SpaceShipTwo,Virgin Galactic,CA
"Apr 30, 1996 ",,SAX ,Atlas I,Lockheed Martin Commercial Launch Services,FL
"Apr 3, 1996 ",,CONQUEST ,Starfire 1,EER Systems Corporation,NM
"Apr 3, 1996 ",,INMARSAT III F1 ,Atlas IIA,Lockheed Martin Commercial Launch Services,FL
"Apr 3, 1995 ",,ORBCOMM FM1 & 2 ,Std Pegasus,Orbital ATK,CA
"Apr 29, 2022 ",,Starlink Group 4-16 ,Falcon 9,Space Exploration Technologies Corporation,FL
"Apr 29, 2021 ",,Starlink v1.0-24 ,Falcon 9,Space Exploration Technologies Corporation,FL
"Apr 29, 2018 ",,M8 ,New Shepard System,Blue Origin,TX
"Apr 27, 2022 ",,Crew-4,Falcon 9,Space Exploration Technologies Corporation,FL
"Apr 27, 2015 ",,TurkmenAlem52E/MonacoSat Communication Satellite,Falcon 9,Space Exploration Technologies Corporation,FL
"Apr 27, 1999 ",,IKONOS 1,Athena-2,Lockheed Martin Commercial Launch Services,CA
"Apr 26, 2005 ",,Spaceway-1,Zenit-3SL,Sea Launch Limited Partnership,Pacific Ocean
"Apr 24, 1998 ",,GLOBALSTAR 2,Delta II,McDonnell Douglas Corporation,FL
"Apr 24, 1996 ",,MSX ,Delta II,McDonnell Douglas Corporation,CA
"Apr 23, 2021 ",,Crew-2,Falcon 9,Space Exploration Technologies Corporation,FL
"Apr 22, 2020 ",,Starlink ,Falcon 9,Space Exploration Technologies Corporation,FL
"Apr 21, 2022 ",,Starlink Group 4-14 ,Falcon 9,Space Exploration Technologies Corporation,FL
"Apr 21, 2013 ",,Mass Simulator,Antares,Orbital ATK,VA
"Apr 21, 1997 ",,MINISAT I ,Pegasus XL,Orbital ATK,
"Apr 20, 2009 ",,SICRAL 1B,Zenit-3SL,Sea Launch Limited Partnership,Pacific Ocean
"Apr 20, 2006 ",,Astra 1KR,Atlas V,Lockheed Martin Commercial Launch Services,FL
"Apr 2, 2022 ",,"FF25 ""Without Mission a Beat"" ",Electron,Rocket Lab Global,NZ
"Apr 2, 2018 ",,CRS-14 ,Falcon 9,Space Exploration Technologies Corporation,FL
"Apr 18, 2017 ",,OA-7 Cygnus,Atlas V,United Launch Alliance,FL
"Apr 18, 2014 ",,Dragon,Falcon 9,Space Exploration Technologies Corporation,FL
"Apr 18, 1991 ",,BS-3H ,Atlas I,General Dynamics,FL
"Apr 17, 2019 ",,NG-11 Cygnus ,Antares,Orbital Sciences Corp.,VA
"Apr 16, 2008 ",,C/NOFS,Pegasus XL,Orbital ATK,MH
"Apr 16, 2004 ",,Superbird-6,Atlas IIAS,Lockheed Martin Commercial Launch Services,FL
"Apr 14, 2021 ",,NS-15/M14 ,New Shepard System,Blue Origin,TX
"Apr 14, 2015 ",,Dragon Spacecraft CRS-6,Falcon 9,Space Exploration Technologies Corporation,FL
"Apr 14, 2008 ",,ICO-G1,Atlas V-421,Lockheed Martin Commercial Launch Services,FL
"Apr 13, 1991 ",,ASC-2 ,Delta II,McDonnell Douglas Corporation,FL
"Apr 13, 1990 ",,PALAPA B2-R ,Delta II,McDonnell Douglas Corporation,FL
"Apr 12, 2003 ",,ASIASAT 4,Atlas IIIB,Lockheed Martin Commercial Launch Services,FL
"Apr 12, 1999 ",,EUTELSAT W3,Atlas IIAS,Lockheed Martin Commercial Launch Services,FL
"Apr 11, 2019 ",,Arabsat 6A ,Falcon Heavy,Space Exploration Technologies Corporation,FL
"Apr 11, 2006 ",,JCSat 9,Zenit-3SL,Sea Launch Limited Partnership,Pacific Ocean
"Apr 1, 2022 ",,Transporter-4 ,Falcon 9,Space Exploration Technologies Corporation,FL